d7b223270834423e9dd2c2b877caba20	Note - Apology	I'm sorry, so so sorry... Our past bioweapon contracts were never used so I didn't think twice about this one. If you're reading thi
6abce4e645e643a59d8aed6be338789a	Note - CCTV	Gone for lunch!
e2a0c62c26ba48a3949bf1991c76b60e	Note - Cookie Recipe	Gingerbread Cookie Recipe	---	Ingredients :	1x Flour	1x Chocolate Bar	1x Eggs	---	Instructions :	1. Put ingredients in bowl	2. Mix well until combined	3. Put dough on tray and form into little men	4. Put cookies in oven and bake at 180Â°C	5. Remove the tray from the oven when golden brown	6. Enjoy!!
b724204740624efb8532c20b322c2c74	Note - Dr. Behan #1	Dr. Behan's Log	February 7th	---	My new workstation at the outpost is turning out a lot better than I expected. The staff here seem to be warming up to me already, and Dr. Stevens even invited me to play chess earlier today! This lot's experiments are a step above the boring DNA splicing down South and for the first time in months I am feeling intellectually stimulated. Still, I miss Spot and the cold up here is something else, but the move was unavoidable for obvious reasons.	---	The shipment from HQ came in earlier than expected, more contract work for those executives at Big J. This one seems to be part of an even larger project, and I get the feeling they are splitting it up between the labs to make it harder for us to see the big picture. Not really sure what the consumer application is either, but hey, it pays the bills!
f3b312375a894c489391f6822b173b13	Note - Dr. Behan #2	EVICTION	NOTICE	---	Date: January 2nd	Tenant: Dr. Behan	---	Tenants and members of the household will have thirty days to vacate the premises or will face fines and/or jail time.
710a910133124d7da197903a698b8c04	Note - Dr. Behan #3	Dr. Behan's Log	January 3rd	---	The local government is definitely onto us, I got evicted yesterday! With them snooping around our lab the boss is making plans with HQ to relocate. Right now they're thinking either Washington or BC, but a few of us are getting sent off to other facilities early to work on other projects. I'm assigned to "hallucinogenic weapons" codename "berrybush" up in the Yukon, should be interesting. Apparently it's part of some work for Big J, and they've already begun testing on wildlife.	---	I'm not sure what to do with Spot, he's not suited to a cold climate. If the location replacement seems like a nice family I'll leave him with them.
685843fb38e045d889d29c3000164ee5	Note - Jane #1	Jane's Diary	Page 120	---	Laura hasn't been to school for over a week now, and according to Mr. Green we shouldn't worry because her parents called to say they were moving to Madagascar... I don't think that's right because she would have told me, so I cycled down to their farm. Well at least where their farm used to be. Someone in a biohazard suit told me the road was off limits and turned me around, but I saw construction equipment and a giant hole where the crops used to be. I hope Laura's okay...
5fe1e85d1c9d4445921ec90173232528	Note - Laura #1	Laura's Diary	Page 35	---	They're acting like everything's normal, but I can tell ma and pa noticed it too. I remember growing up here, my whole life, my family, my friends in Montague... but the memories don't fit right... if that makes sense. This is MY diary, but reading back I don't feel like I wrote those things.
53f724bd841b42b2839d476f07e1d3de	Note - Military #1	To: Area 51	From: Olympia	---	Please transfer over whichever files you have regarding the Polysol Federation.	---	Signature: General Harken	Date: May 21st	---	[PHOTOCOPY FOR RECORD KEEPING PURPOSES]
5901859ec7834d2198dcfd38ec267d24	Note - Military #2	To: Olympia	From: Area 51	---	HwfgvaOOJ4ztjzcaoDEy5pZiqK39yqvtBl+trAQ9tPi+cE0XjExvvgs/6xC3Tmy9qFMX3MvKtX5c21ebVcF7SLTjaShDrAlNinbn/03DiVjEccPiGXk7QujdD+/9191LYdak6TVYD3gxv+8ap23fxA3pZcaO2FmJyoHIDRiboZtLomkDFB9tYHPmNRvFyvPRR/mpGOGeVRqB+3LjmXQPWHQEFEvKws+B6r19XMNxMEzXdH51R3T1ZW8W3Re/LuOONJDL6+fLFk2IhLlWedArV/Pmf7V67ojCxN27KdeRvIuHsyegm1z6JRmmbkJIGCJ0s5z4BrgiOVZ/P6wm0/tmd6w3NWN5y68ZTVlBCOd6J9Tgw5rALWqZ22SnfOlBE3vuAGo2kMImdrNDUtgFpmbpiJwtOusvb4uAlnfh00KVr4mZN7VM2dWn4/CEM5vhOQcFWDwl/nTga3854bZcrqaPNHWt+FuS6Prr8yWeCV1eF9+ZPzMqmFkaNlEimyhvFoij	---	Signature: Private Douglas	Date: May 23rd
9cdd1e1cd19f46f9bd7de58c9ee94fa7	Note - Military #3	128-bit AES Key for May 23rd	8f79f7d754c6494798c16dce8f44a1cf
4a8b28bd4cde46fbad4881374efcb353	Note - Military #4	Journal	Page 61	---	Somebody has to keep a record of what actually happened, otherwise anything can become history. We didn't know of course, it was just a few blips on the radar - could easily have been a suprise attack, and we gave them fair warning! Although in hindsite I doubt their comms use the same tech as ours. The one we recovered went down in New Mexico. The other one's lost, but I doubt there were any survivors. None of us expected it to be a flying saucer! The government's trying to play it down from the public, and the official account is that we rescued them after they crashed into an unidentified object.	---	It's not my place to reveal any of this, and we can't change the past... The way they're handling this rubs me up the wrong way though... I think I'll quitely retire, almost at that age anyway. Maybe we'll move someplace nice.
43c3746dc20d4e56a9fc042cce0a5d8b	Note - Mission Briefing #1	Mission Briefing	Bravo Team - 00:30	---	Intel suggests they have experienced a containment leak, so you are tasked with moving in earlier than expected. Exercise extreme caution, remember that these guys are heavily armed. If given the opportunity take any tangos captive for interrogation later.
ab9e79fca4de4a42a2aca94d44d5ff59	Note - Mission Briefing #2	Mission Briefing	22:09	---	Details are still sparse, but reports of a highly contagious virus are coming in from across the country. Before going dark the federal government ordered the destruction of Confederation Bridge to prevent the virus from spreading here. Your unit is assigned the bridge, whichever munitions you need are at your disposal.
21b7d7de3f234265ac93a659b78a4056	Note - News #1	"Big J Exposed!" Rough Draft	think of a better title maybe "Is Big J poisoning your food?" or "Is Big J making their food more addicting?"		Everyone knows that Big J chain restruant food has been tasting better recently, but did you also notice the same is true for the berries around here? - no wait of course they didn't, who picks/eats random berries? In this artical we investigate their experimentation on wild animals and how they've been adding chemicels to keep you coming back! continue on here about the contract + observations + etc		also seems kind of ironic I'm writing this in a Big J fastfood, but wow these blueberry pancakes are amazing :)
78d39335b1c740c0ae38ca60efd49e73	Note - Polysol #1	Resources Report	Universal ID: 73-5816	Local ID: "Earth"	Universal Time: 18510975918	Local Time: 7/3/1947	---	Scans suggest the majority of the planet's foliage contains chlorophyll with an estimated value in the billions of credits, and ~71% of the surface consists of oceans with an estimated value in the millions of credits. We recommend keeping a patrol of this system to prevent pirates from attempting to steal any, at least until they can defend themselves.
9388fac2eac8464bab80d73ff35d30f7	Note - Present Delivery	Delivery List	---	Hockey Stick	Fire Axe	Doughnut	Cobra
e2e5d18d69f5426198fd2d48c0e5bc2e	Peaks Note - Bielefeld	I could swear I went camping last week in Bielefeld... I must be losing my mind. I'm going to see a counselor.
b0ec63eafd584dd1a09334a546501e20	Peaks Note - Bodies	Work Order #35149 18/06/17	---	Fence off a 400 square meter area and dig a 10 meter deep hole. In an effort to curb the spread of the plague we're going to start cremating infected corpses in the pit.
cbd1d9ee81ef40c8becb56eb295eb7b8	Peaks Note - Brew	Today I got word other breweries in the region are also picking up on berry mixes. I've started a trend!
21dae55ddaa94ea9af3ce4b4c9bdf771	Peaks Note - Castle	If you're here to loot the castle don't bother. We tried blasting the front door but it's covered in thick iron plates. In fact all the windows and doors are shielded. It must be some sort of security system.
4771635812f1468d9d29ac05eb3c1763	Peaks Note - Checkpoint	This posting is soooo boring. Even if something did come through the tunnel I doubt it could climb the blockade.
1d01f2ce09b14d559b8d95ca4249415c	Peaks Note - Coalition Syndicate Awareness	Coalition Intel Report	---	We're no closer to locating the local rebel group's base other than that it must be near the mountain. They're evidently planning something big though - I advise we remain on high alert and consider going on the offensive.
8667eb8ff5714fe187f269830738d191	Peaks Note - Dino	While blasting into the limestone some of the workers uncovered what looks to be a kinda dinosaur skull. We're not sure how to handle it - this calls for tools more precise than anything we've got on site.
e7d139d9c223454b99e9b891a91b0e04	Peaks Note - Flood	Operation Flashflood - 17:00	---	Assemble a team for an away mission to the dam. Bring enough explosives to cripple it and fortify the upper causeway until we give further orders. If worse comes to worst we'll blow the dam and flood the valley.
174f7375d2a14f3db49c44bce8567e62	Peaks Note - Logging	It'd been a few weeks since my last contact with anyone in town so I took the trip in to restock supplies and see Jerry. I didn't go all the way in 'cause everyone was milling around in the streets. Looking through my binocs it was chaos, they looked extremely disheveled and I saw a few folks eating a corpse. There were multiple crashed cars abandoned on the way there and back. I don't know what to do or try next, but one thing's for sure: something horrible's happened.
3b83bea23db04b1a8a48bf5fc8445bbd	Peaks Note - Lost	It feels like I've been trapped down here for ages and I've been going in circles. I'm scared I'll never find a way out. It was just a normal hiking trip until I fell into that pit. They always told me I should bring a buddy! Now nobody knows I'm here. If you find this... please take care of my cats.
9f8a92a2422e44b5a48eec78ca8f9963	Peaks Note - National Redoubt	Orders have come in to enact the National Redoubt. We're to move all troops to the Western mountains and refocus efforts on Plan B.
f6fe2157cdb64698a1e71b0a93ece780	Peaks Note - P.Riso	P.Riso's Diary	---	I met a very cool dude today down in the yard, and wouldn't you know it we're cellmate neighbors! He goes by T.Rickster and I can just tell we're going to have a grand 'ol time together.
7974f5e664274a62aa600d46fc8d59bd	Peaks Note - Shuttle Crash	Shuttle Recovery - 03:26	---	Our most recent shuttle launch has failed, crashing landing into Cologne 3 clicks east of here. Your squad is assigned to locking down the area and beginning the recovery process. We need to know what went wrong and salvage as much of the equipment as possible. Don't reveal this information to your team, but be cautious: it was carrying extremely radioactive material which might cause a much more powerful secondary explosion.
f16422643a1349da8b53dc767084ad2e	Peaks Note - Shuttle Launch	Shuttle Launch Log	---	Docking clamps OK	Flight systems OK	Life support FAIL	Pressurization OK	Structural integrity OK	Fuel lines FAIL	Engines FAIL
392c5137a1b14a4a91290d417d2253bd	Peaks Note - Shuttle Load	They airlifted the next shuttle in today, it's just resting on the runway now. These sprints are super taxing - we'll be working round the clock to set it up for launch.
a7d6eab5b4be42d19e43e8adde0ef858	Peaks Note - Shuttle Plan	Everything's on schedule for the next shuttle launch. We're the only facility still operational - Schwarzwald went dark several days ago, so it's on us to get the last few shipments to the station. The pressure's high and it's starting to affect morale. Humanity's future rests on our shoulders.
14e9ec1faa7c4df58dd45da575517e7d	Peaks Note - Syndicate Origin	Tensions are high with the Coalition ramping up its presence in the area. Those greedy tryhards have almost finished stealing the entirety of downtown for themselves. Everything's better with the government gone - we can't sit idly by while they attempt to fill its place.
42b29af2d8be4b03832bd9ef8e810177	Peaks Note - Syndicate Plan	Coalition Compound Raid Outline	---	Enough is enough. We're going to launch a three pronged strike into the heart of the Coalition presence here kicking them out for good.	---	Team A	Due to dense walker presence in the city they leave their blast doors closed so we're not getting in there. The bridge entrances are a different story, however - they're left open the majority of the time. Your team will drive through both entrances simultaneously before they can react and provide covering fire from the overpass.	---	Team B	The sewer system is unguarded so your team can slip in and attack heavily armed with the element of surprise.	---	Team C	You'll be posing as survivors taking refuge through the main city entrances. You won't be able to smuggle in many weapons, but when the chaos starts you'll be able to begin the offensive from the inside.
fbb2178b37d64fcebed163c7fdcc50cc	Peaks Note - T.Rickster	T.Rickster's Journal	---	Today I made friends with a wacky inmate named "P.Riso" and best of all he's in the cell next to me! We're two birds of a feather - I think we'll make a great team breaking outta this dump.
4047ca0503914295a45406d3c2d32bc8	Peaks Note - Train	We couldn't slow down in time before hitting a rockslide on the tracks and derailing. This whole hill is unstable - I'm worried the tunnel is going to collapse. Everyone else was more severely injured in the crash so I've been chosen to go looking for help. I hope I find it quickly because I'm not equipped to be fighting any infected.
6a14c41da63b4cfd98ead39805804426	Russia Note - ATC	ATC Log	---	May 22nd 07:18	The plane we just landed - flight 106 - isn't responding, and appears to have been on autopilot. Ground crews are preparing to expediate the passengers' departure in-case of emergency.	---	May 22nd 07:27	Flight 106's occupants seem to be carrying an extremely fast-acting virus infecting everyone in the area. Security is moving to intercept and everybody else is being evacuated to Moscow.
f7ff3c75a51a4f3fa204585996519a76	Russia Note - Big J	Natasha's Diary	September 7th	---	That businessman from Big J came around today trying to buy us out again - they even raised their offer! He said we're the only ones still holding out... I know we could really use the money, but I can't imagine how disappointed Dad would be if I sold the family business especially to a chain brand like that.
0f0599c6a15e48c09ef952ed74b17af9	Russia Note - Coalition	General Roman's Diary	---	It's been a flurry of activity the past few days so I haven't had the chance to write an entry - Russia has joined the Coalition, and I've been assigned to set up a forward operating base. After surveying the coastline we picked a relatively accessible oil rig to secure and begin helping survivors. Scouts are reporting that a large region North of Moscow is completely irradiated, so we'll have to be careful of the fallout. Reinforcements are already on their way to help us take a headquarters on the mainland, and several nuclear submarines in the area are rendezvousing with us here.
8eb14db352664975b6d4b3c1db833b8e	Russia Note - Harry	I'm afraid he's gotten himself mixed up in the wrong crowd - tonight I'm going to follow him and confirm my suspicions. I've got to try reasoning with him before bringing it to the Captain.
93b02688d4994e47a1dd56200b0698ac	Russia Note - Janitor	Sergey's Journal	August 5th	---	I felt it following me again, and every time the lights flicker I see something out of the corner of my eye. As I write that the lights have gone out in the hall... I'd best go check the fuses.
c0365252a1074a7887e9e8d883a6f7d0	Russia Note - Kilroy's Journal	Kilroy's Journal	---	Fascinating... Once we cracked the first several symbols the rest came very easily. From what we can tell so far these etchings seem to be a recording of the tribe's history, of particular note is this large faded icon. It's composed of runes representing nighttime, whispers, a harvest and what they describe in the text as a "soulcrystal" of immense power activated by some sort of ritual. It was so powerful that even the most pure-hearted exposed would gradually be swayed to ruthless ambition. After a horrible incident the tribes were forced to unite and fracture it, each secretly encasing a piece in stone such that no one person should know the location of all the fragments. This tribe buried their part in a tomb guarded by their spirit ancestor "Anastasia". I'm interested to see if we can find this relic, however I'm sure it was purely of superstitious or traditional importance.
8be0f28db3bf4f6e9ac8531dc4966b28	Russia Note - Lab #1	Hijack Log	---	13:42: No positive response to our modified vaccine prototypes, it's adjusting too fast. If anything they seem to be further mutating compared to the control - one is growing acid glands, another is generating electricity and another even taking on fireproof properties.
36fb9d35975c48fcaa036d6081b1ce62	Russia Note - Lab #2	I can't believe we're rebooting this project, we've tried bombarding it with all kinds of radiation, electrifying it, blowing it up, but nothing. Still, if this is what they came here for it must be important, and they do genuinely seem to think it will work if we can crack it, but personally I'm starting to question whether maybe the extended cryosleep scrambled their brains.
70e71d2510a642a69df9b7d4b512fd0f	Russia Note - Mafia	Artyom's Notes	---	Word on the street is that the military's in a frenzy with some sort of disease going round, and they're completely spread out trying to quarantine it. The boss has given the command to capitalize on this chaos... These are going to be a crazy few days.
71c16cf0a9f448b698172c6627b46ca2	Russia Note - Military	Radio Log	---	May 22nd 10:25	We just lost contact with the rail cannon team. I fear the worst, but from their last transmission it sounds like their mission was a success - all exits are now blocked... We're trapped here with the infection.
9aecbff17a4a4f8e9cecb44b3cd22145	Russia Note - Relay	Relay Log	---	Msg: Okay Len, sounds like you're in some hot water, we'll work something out and be in touch soon about picking you up.	Source: "Karl" 62865-3 Radio	Target: "Len" 77136-0 Radio	---	Msg: Seems like Len's legit after all, there's a big investigation into him at the moment and they're getting pretty close. You might want to get him out of here before he spills the beans.	Source: "Darren" 77136-8 Liberator Comms	Target: "Karl" 62865-3 Radio
82f9b61692df49e18d4a52907f676456	Russia Note - Scorpion-7	Dima's Notes	---	Within a few hours of listing it an e-mail came in from an anonymous buyer offering way more than its worth! Said they're a collector of "artifacts" like that and to let them know directly if we find any more. Selling that piece of junk made more than this entire dig will and corporate doesn't need to know anything about it! The truck which picked it up was blank except for the license plate "SCRP-7B", aside from that I still have no idea who it was.
4d8bf13e6b3948d499daaa8a74a6a069	Russia Note - Silo	General Boris' Diary	---	Orders have come from the highest level to launch the warhead... at Moscow. They say that the city is being stormed by a dangerous virus, and that sacrificing it will save our country. I signed up to protect our motherland, not destroy it! I'm burning the message and cutting communications in the hopes that cooler heads will prevail and seek a cure rather than wiping out those pour souls. Should they try to attack and force a launch I'm afraid I'll have no option but to sabotage the missile.
83f8fa79209f4d04864b47381a604c5f	Russia Note - Submarine	Reactor Log Printout	---	03:02 - Temperature Stable	03:03 - Temperature Stable	03:04 - Temperature Stable	03:05 - Insufficient Coolant	03:06 - Insufficient Coolant	03:07 - Meltdown in Progress
7ddafed3531146a8b98df60d9890ad00	Russia Note - Trainyard	Pavel's Notes	---	I haven't talked to anyone from the military before, but this morning I was sleeping in only to have soldiers pull me out of bed and drag me down here to work the turntable. They wanted to take out good ol' Ivan. He's been parked here since World War II aside from the occasional display, but still runs just fine. I think I overheard one of them say something about blowing up train tunnels - either I'm hearing things or something's wrong.
